"","CD4_c0_Tcm","CD4_c1_Treg","CD4_c10_Tn_LEF1_ANKRD55","CD4_c11_Tisg","CD4_c2_Tn","CD4_c3_Tfh","CD4_c4_Tstr","CD4_c5_CTL","CD4_c6_Tn_FHIT","CD4_c7_Tn_TCEA3","CD4_c8_Tf17","CD4_c9_Tn_TCF7_SLC40A1","CD8_c0_t_Teff","CD8_c1_Tex","CD8_c10_Teff_CD244","CD8_c11_Teff_SEMA4A","CD8_c12_Trm","CD8_c13_Tn_TCF7","CD8_c2_Teff","CD8_c3_Tn","CD8_c4_Tstr","CD8_c5_Tisg","CD8_c6_Tcm","CD8_c7_p_Tex","CD8_c8_Teff_KLRG1","CD8_c9_Tsen","Mast","Mo_01_CD14","Mo_02_CD16","Mono_like_01_CD14","Mono_like_02_CD16","Mono_like_03_CD14CD16","MonoDC","Mph_01_MARCO","Mph_02_CCL20","Mph_03_SPP1","Mph_04_TREM2","Mph_05_IL1B","Mph_06_CXCL9","Mph_07_SLC40A1","Mph_08_APOE","Mph_09_STMN1","Neu_01_MMP8","Neu_02_S100A12","Neu_03_ISG15","Neu_04_TXNIP","Neu_05_ELL2","Neu_06_PTGS2","Neu_07_APOA2","Neu_08_CD74","Neu_09_IFIT1","Neu_10_SPP1","Neu_11_CCL4","DC_01_CLEC9A","DC_02_CD1C","DC_03_LAMP3","DC_04_CD207","DC_05_LILRA4","DC_06_STMN1","ecm_myCAF","detox_iCAF","IL_iCAF","TGFβ_myCAF","wound_myCAF","IFNγ_iCAF","CAF_S1","Normal_Fibroblast"
"1","ANXA1","FOXP3","ANKRD55","ISG15","NBEAL1","CXCL13","HSPA6","GZMA","FHIT","TCEA3","GNLY","SLC40A1","LMNA","CXCL13","CD244","SEMA4A","ITGA1","NHSL2","FGFBP2","LTB","HSPA6","ISG15","DKK3","CHI3L2","LGR6","KLRC4","TPSB2","VCAN","AIF1","EREG","MS4A7","HLA-DRA","FCER1A","MARCO","SPP1","SPP1","SPP1","SELENOP","CXCL10","SELENOP","APOC1","SPP1","LTF","S100A8","IL1R2","IL1R2","SAMSN1","PTGS2","G0S2","PI3","RSAD2","C15orf48","CCL3L1","CPVL","HLA-DRA","CCL19","S100B","GPR183","CD1C","ASPN","ADH1B","ITM2A","CST1","SFRP4","CCL19","LAMA2","ACACB"
"2","LMNA","IL2RA","LEF1","IFI6","CCR7","NMB","HSPA1A","CCL5","ADTRP","NOSIP","SLC1A4","TCF7","ZFP36","GZMB","KLRG1","LMNA","CPNE7","TCF7","GNLY","SELL","HSPA1A","IFI6","CLDND1","FABP5","FGFBP2","PLCG2","TPSAB1","S100A9","LST1","LYZ","IL1B","LYZ","LYZ","CD5L","CXCL3","GPNMB","APOE","LGMN","C1QB","C1QA","FTL","C1QB","CAMP","S100A12","MNDA","CSF3R","C5AR1","CXCL8","CXCL8","C15orf48","IFIT3","PI3","CCL4L2","CST3","HLA-DPB1","TXN","FCGBP","SPIB","CST3","COL3A1","C7","CXCL12","LAMP5","CCDC80","VCAM1","SFRP4","ACSM5"
"3","VIM","TNFRSF4","TCF7","IFI44L","GLTSCR2","PDCD1","HSPA1B","CCL4","GLTSCR2","TCF7","CTSH","NOSIP","RGCC","HAVCR2","PTPRCAP","TMEM66","TXNIP","NACA2","GZMH","LEF1","HSPA1B","MX1","TRAT1","PTPRCAP","PLEK","IGKC","DEFA3","LYZ","FCN1","THBS1","FCN1","HLA-DPB1","HLA-DQA2","C1QB","CCL20","CTSB","APOC1","CCL3","C1QA","C1QB","APOE","C1QC","LCN2","S100A9","CSF3R","FCGR3B","NAMPT","G0S2","APOA2","G0S2","IFIT2","CXCL8","C15orf48","HLA-DPB1","CLEC10A","BIRC3","HLA-DQB2","HLA-DQA1","HLA-DRA","THY1","CXCL12","FIGF","LOXL1","OGN","RBP5","PDGFRA","ADAMTS5"
"4","KLRB1","TIGIT","NOSIP","MX1","TCF7","FABP5","DNAJB1","GZMH","EIF3E","LEF1","CXCR6","LEF1","CXCR4","KRT86","EEF1A1P5","EEF1A1P5","IL7R","C6ORF48","CX3CR1","NOSIP","DNAJB1","IFI44L","SARAF","ACTG1","CX3CR1","EEF1A1P5","CPA3","S100A8","FCGR3A","FCN1","LST1","HLA-DPA1","CLEC10A","C1QA","EREG","MMP12","C1QC","C1QA","CXCL9","SLC40A1","C1QB","C1QA","PGLYRP1","GCA","FCGR3B","MNDA","BASP1","PROK2","C5AR1","CXCL8","C15orf48","G0S2","CXCL8","HLA-DPA1","HLA-DQB1","CCR7","CD1A","HLA-DQB1","HLA-DRB1","SFRP2","TNXB","FXYD1","EDNRA","DCN","CYP1B1","LRRC15","ADRB1"
"5","IL7R","CARD16","SELL","IFIT3","GNB2L1","ITM2A","HSPH1","NKG7","NOSIP","MAL","LGALS3","MAL","DUSP2","CCL3","PLEK","GZMK","H1FX","RACK1","S1PR5","EIF3E","HSPH1","IFIT3","LDHA","CD27","S1PR5","KLRK1","CTSG","FCN1","CDKN1C","VCAN","FCGR3A","HLA-DRB1","CST3","C1QC","PLIN2","CTSD","C1QB","C1QB","C1QC","C1QC","C1QA","CTSB","MMP8","IL1R2","S100A8","CXCR2","S100A9","PLAUR","NAMPT","PPIF","ISG15","FTH1","PI3","HLA-DQB1","HLA-DQA1","MARCKSL1","CD207","AREG","TUBA1B","COL10A1","RSPO3","PLPP3","TGFB1","PTGER3","C7","GREM1","AGTR1"
"6","ZFP36","TNFRSF18","IL6ST","IFIT1","SELL","LAG3","HSP90AA1","HOPX","SELL","C1orf162","PLIN2","SELL","ZFP36L2","ENTPD1","LIME1","JUND","TMEM173","SELL","SPON2","CCR7","HSP90AA1","IFIT1","ITM2C","CD38","SPON2","KLRC4-KLRK1","HPGD","S100A12","CTSS","IL1B","EREG","FCN1","SAMHD1","SLC40A1","CTSL","FTL","CTSB","CXCL3","APOE","RNASE1","C1QC","RNASE1","CRISP3","MNDA","IFITM1","RIPOR2","G0S2","NAMPT","FCGR3B","PHACTR1","G0S2","BCL2A1","CCL3","CLEC9A","HLA-DPA1","IDO1","FCER1A","HLA-DRA","HLA-DPA1","COL6A3","DCN","TNFRSF10D","TGFB3","SFRP2","TNFRSF4","SFRP2","AKR1C4"
"7","ZFP36L2","BATF","LDLRAP1","RSAD2","C6orf48","CD200","HSPE1","GZMB","C6orf48","LDLRAP1","JAML","C1orf162","JUND","VCAM1","DENND2D","HLA-H","ETS1","C12ORF57","FCGR3A","EEF1B2","BAG3","RSAD2","DUSP2","CAV1","ADGRG1","TMSB4XP8","MS4A2","CTSS","MS4A7","S100A9","LILRB2","CST3","HLA-DQB1","CD163","CCL7","APOC1","CTSD","GPNMB","LGMN","LGMN","CD68","TUBA1B","PADI4","CMTM2","IFIT2","GCA","PLAUR","BCL2A1","PLAUR","BCL2A1","IFIT1","PHACTR1","G0S2","LGALS2","HLA-DRB1","FSCN1","HLA-DRB5","HLA-DPA1","HLA-DQB1","LRRC17","C16orf89","CTB-92J24.3","TNN","PDGFRL","CXCL13","KIAA1462","ANKRD20A4"
"8","GPR183","CTLA4","RIPOR2","STAT1","TMEM66","TOX2","HSPB1","LGALS1","DONSON","FLT3LG","KLRB1","LDLRAP1","XCL1","LAG3","SLC9A3R1","PTPRCAP","PIK3IP1","TPT1","PLEK","MAL","HSPD1","OAS1","MLLT3","CNN2","FCRL6","HSPA1B","HPGDS","CSTA","CFD","MAFB","AIF1","HLA-DQA1","HLA-DPB1","LIPA","OLR1","FABP5","C1QA","CTSB","CTSZ","FOLR2","CTSB","CTSD","S100P","VNN2","IFIT3","FPR1","IFITM2","C5AR1","CMTM2","ALOX5AP","CXCL8","CCL3L1","CCL4","CD74","CD1C","LAMP3","HLA-DQB1","HLA-DPB1","HLA-DQA1","CILP","GDF10","LAMC3","CST2","SMOC2","CXCL9","DCN","ANKRD31"
"9","CXCR4","RTKN2","FYB1","MX2","EEF1B2","GNG4","BAG3","ALOX5AP","TCF7","EIF3E","IL17F","FLT3LG","GZMK","TNFRSF9","SASH3","TMSB4XP8","ERN1","GLTSCR2","ADGRG1","GLTSCR2","HSPE1","IFI27","ATP6V0C","DENND2D","RIPOR2","HLA-H","GATA2","CYP1B1","COTL1","CXCL2","MAFB","HLA-DQB1","HLA-DRA","MS4A7","CSTB","CTSL","GPNMB","RNASE1","HLA-DRB1","APOE","NPC2","TUBB","CEACAM8","CDA","GCA","NAMPT","ACSL1","OSM","BCL2A1","FTH1","TNFAIP6","NAMPT","IL1B","HLA-DRA","CST3","CCL22","HLA-DQA1","GRASP","HLA-DRB5","GRP","PAMR1","C7","HES4","MMP23B","CCL2","CPXM2","AQP7"
"10","RGCC","IL32","TRABD2A","OAS1","LEF1","TIGIT","HSPD1","GZMK","LEF1","RASGRP2","IL17A","KLF2","FTH1","CTLA4","CMC1","C6orf62","BCL11B","LEF1","FCRL6","AIF1","HSPB1","IFI44","GGA2","PFN1","PAXX","C1orf56","LTC4S","CYBB","POU2F2","SERPINB2","APOBEC3A","HLA-DRB5","HLA-DPA1","SELENOP","CXCL2","CSTB","PSAP","C1QC","HLA-DQA1","MS4A7","SPP1","APOE","CD177","MME","RIPOR2","TMEM154","ELL2","IL1B","S100A9","IFITM2","FCGR3B","S100A11","PHACTR1","HLA-DRB1","HLA-DRB5","CXCL9","HLA-DRA","HLA-DRB1","CD74","ITGBL1","FXYD1","ZBTB16","COL10A1","CPXM2","IL34","PTGFR","ARHGAP6"
"11","FTH1","PMAIP1","ATM","LY6E","TOMM7","NR3C1","DNAJA1","CXCR6","CCR7","AES","HSP90AA1","EEF1G","GPR183","CCL4L1","PSMB10","CD97","KLRB1","CCR7","PLAC8","GNB2L1","SERPINH1","XAF1","TRMO","HLA-DRA","KLRG1","NPIPB4","CLU","S100A4","LILRB2","CTSS","CTSS","CD74","HLA-DRB5","FTL","RETN","NUPR1","TREM2","SLC40A1","CTSB","GPNMB","AIF1","PSAP","BPI","FCGR3B","LRRK2","LRRK2","TREM1","SRGN","LITAF","FCGR3B","BCL2A1","IER3","BCL2A1","SNX3","HLA-DQA2","LGALS2","HLA-DQA2","CD74","HLA-DPB1","COL8A1","ZBTB16","CAPN6","ELN","COL14A1","ABI3BP","WNT2","ASPA"
"12","MYADM","SAT1","C1orf162","XAF1","EEF1G","SH2D1A","HSP90AB1","CST7","AIF1","SELL","BHLHE40","TRABD2A","PIK3R1","RBPJ","IFITM1","RGCC","TRBC1","TRABD2A","EFHD2","S100B","ZFAND2A","MX2","GPR183","UCP2","FCGR3A","KIAA1551","IL1RL1","S100A6","SPI1","NLRP3","COTL1","CLEC10A","VCAN","HMOX1","IL1RN","RNASE1","CD14","MS4A7","HLA-DRA","MS4A4A","HLA-DRA","NPC2","CLC","CSF3R","CXCR2","RGS18","S100P","FTH1","TREM1","FCER1G","OSM","SPP1","IER3","HLA-DRB5","FCER1A","EBI3","CD1E","ATF5","STMN1","COL14A1","SLIT3","SCARA5","THBS4","ITGBL1","CYP7B1","ADAMTSL1","ATOH8"
"13","FOS","CTSC","TXNIP","SAMD9L","EIF3E","SMCO4","JUN","HLA-DRB1","GNB2L1","AIF1","CCL20","SORL1","NR4A2","TIGIT","IGKC","MATR3","PRDM1","LTB","KLRD1","C6orf48","CACYBP","STAT1","CST7","HLA-DMA","FGR","C6orf62","VWA5A","MNDA","FCER1G","C5AR1","CFD","IL1B","CD74","FOLR2","SLC11A1","CXCL3","CTSZ","FOLR2","CCL3","LIPA","GPNMB","CD14","ARG1","MEGF9","CLEC4E","IFITM2","SLA","PHACTR1","AQP9","HCAR3","PHACTR1","BRI3","TNFAIP6","C1orf54","CD74","CD83","HLA-DPB1","PLAC8","LYZ","ADAM12","HSPB6","DLK1","NKD2","WISP2","F10","FBLN5","ATP1A2"
"14","AHNAK","TNFRSF9","MCUB","OAS3","GIMAP1","CHI3L2","NR4A1","HLA-DRB5","PLAC8","PLAC8","HSPA8","RASGRP2","JUNB","RGS1","TMSB4XP8","SMG1P1","CDV3","ACTN1","HOPX","EEF1A1","HSP90AB1","OAS3","OAZ1","LAT","SELENOW","HSPA1A","HDC","TSPO","S100A4","PLAUR","HMOX1","HLA-DMA","CPVL","FCGRT","VCAN","APOE","CAPG","IL1B","PSAP","DAB2","TYROBP","APOC1","S100A12","LRRK2","IFITM2","MEGF9","SRGN","AQP9","SRGN","CMTM2","FTH1","ALOX5AP","NFKBIA","HLA-DQA1","GPR183","PPA1","CD74","PLD4","FCER1A","OLFML2B","IL6","MEG3","OLFM2","CILP2","COLEC12","DPP4","ATP8B4"
"15","PTGER4","TBC1D4","TXK","EIF2AK2","NOSIP","TOX","FKBP4","GLUL","EEF1B2","DONSON","ALOX5AP","AES","MYADM","TNFRSF18","TPST2","NPIPB4","JAML","NBEAL1","ITGB1","LDHB","FKBP4","EPSTI1","CREM","CD74","ATP5MC2","H3F3AP4","SLC18A2","TKT","STXBP2","CD300E","STXBP2","MS4A7","CD1C","CTSB","TIMP1","CD68","NUPR1","DAB2","HLA-DPA1","PSAP","CTSD","CD68","CYP4F3","IFITM2","CMTM2","SORL1","CEBPB","LITAF","IFITM2","H3F3B","NAMPT","NFKBIA","IL1A","IDO1","AREG","HLA-DPB1","HLA-DPA1","IFI30","GPR183","ELN","FBLN5","TAC1","COL6A3","COL8A1","CXCL10","P4HA3","BMP5"
"16","JUND","MAGEH1","CCR7","IFI44","UBA52","ICA1","HSPA8","RBPJ","TRABD2A","TRABD2A","SPOCK2","ATM","XCL2","PDCD1","PTPN6","FOSB","GNAI2","AES","KLRG1","TCF7","HSPA8","SAMD9L","CMC1","LIMD2","KLRF1","NKTR","RHEX","PLBD1","CLEC12A","CSTA","WARS","AIF1","HLA-DQA1","MS4A6A","FBP1","PLIN2","MSR1","CXCL2","CD68","PLD3","CD74","STMN1","RETN","ACSL1","MX2","CMTM2","SLC11A1","BASP1","FTH1","S100A9","IFITM2","CEBPB","FTH1","IRF8","LYZ","CCL17","CD1C","NR4A3","PCLAF","PLPP4","OGN","THUMPD3-AS1","LRRC17","GAS1","EMILIN1","CCDC80","C1QTNF7"
"17","TNFAIP3","IKZF2","SCML4","HERC5","FAM65B","CAV1","ZFAND2A","HLA-DPA1","MAL","GLTSCR2","S100A4","INPP4B","FOS","IFNG","NKG7","C17orf76-AS1","TRAC","LDLRAP1","NKG7","TMEM123","DNAJA1","HERC5","CYSTM1","COTL1","SLC9A3R1","PIP4K2A","KIT","AIF1","PSAP","ATP2B1","CDKN1C","SDS","FCN1","CD68","SERPINB2","LGALS3","GRN","CTSD","CD74","CTSB","FCER1G","TGFBI","CD24","S100A6","FPR1","SLC25A37","S100A12","IVNS1ABP","CXCR2","S100A11","SAT1","FCER1G","NAMPT","CPNE3","LGALS2","NUB1","TACSTD2","IRF4","TUBB","CREB3L1","PLA2G2A","GMFG","COL3A1","COL3A1","GGT5","PRICKLE1","C4orf32"
"18","KLF2","TNFRSF1B","ARHGAP45","EPSTI1",NA,"PTPN13","SERPINH1","XCL1","TSHZ2","LDHB","RBPJ","CD48","YPEL5","ACP5","LAT","KLRK1","DDX17","MAL","FGR","ACTN1","NR4A1","EIF2AK2","FAM177A1","ACTB","ATP5F1B","NLRC5","ADCYAP1","CLEC12A","CYBB","APOBEC3A","LILRA5","MAFB","CSTA","CFD","LYZ","HMOX1","CD68","PLD3","CTSC","CTSD","MS4A6A","CTSZ","ANXA3","RIPOR2","MEGF9","CLEC4E","AQP9","TREM1","CSF3R","SRGN","H3F3B","PLAUR","ALOX5AP","WDFY4","HLA-DMA","DAPP1","PKIB","LILRA4","MS4A6A","FBN1","CHRDL1","CYGB","THY1","OMD","EGFLAM","GALNT12","CA3"
"19","GPR171","LAYN","RASGRP2","ISG20",NA,"PTPRCAP","FOSB","ATP5F1E","TXK","ADD3","PKIG","CCR7","FOSB","LAYN","ARPC5L","GIMAP5","EAPP","BCL11B","S100A4","TPT1","DNAJB4","IFIT2","CCR7","GZMK","ATP5PB","NPIPB5","RGS13","MPEG1","LILRA5","CYBB","RNF144B","MS4A6A","HLA-DMB","CST3","CD68","LGMN","HLA-DRA","PSAP","TMEM176B","CD68","HLA-DPA1","LGMN","OLFM4","RGS18","NAMPT","S100A8","PROK2","RGS2","BASP1","NAMPT","LITAF","VEGFA","PLAUR","HLA-DQA2","CPVL","RASSF4","HLA-DRB1","BID","HMGN2","LOXL1","CYGB","CCL8","HTRA3","COL11A1","PLXDC1","ABI3BP","CAB39L"
"20","S100A10","CD74","MAL","IRF7",NA,"SRGN","FOS","HLA-DPB1","TOMM7","SMDT1","PHLDA1","LDHB","VIM","CXCR6","CNN2","NLRC5","IGKC","ETS1","ZEB2","TRABD2A","UBC","LY6E","FTH1","LIME1","TBX21","PVRIG","RAB27B","RETN","LYPD2","TIMP1","C5AR1","C1QA","C1orf162","VSIG4","SDS","PSAP","CD74","LIPA","HLA-DQB1","CD14","PSAP","DAB2","S100A8","NCF1","VNN2","TXNIP","MXD1","GLUL","FPR1","LITAF","IFITM3","SLPI","OSM","LYZ","IFI30","HLA-DQA1","GSN","HLA-DMA","CLEC10A","MATN3","FGF7","VCAM1","TMEM204","CILP","CXCL11","GALNTL2","CADM3"
"21","MCL1","HTATIP2","SERINC5","OASL",NA,"DUSP4","PPP1R15A","GNLY","LDLRAP1","C6orf48","GAPDH","PLAC8","TNFAIP3","RGS2","FCRL6","H3F3AP4","BTG1","TIPIN","MYO1F","PASK","PPP1R15A","TNFSF10","GZMK","HLA-DRB5","PXN","SLAMF7","CMA1","CD14","LRRC25","SLC11A1","FCER1G","NPC2","ENHO","VCAM1","MARCO","CTSZ","CTSL","CD68","MS4A7","CD74","LYZ","TREM2","CDA","FPR1","RGS18","VNN2","IL1R2","CMTM2","MNDA","TREM1","PLAUR","PPIF","CD83","RAB7B","HLA-DMB","GPR157","CTSH","PPP1R14A","HLA-DQA2","LRRC15","PI16","FMO2","SEPT11","NEXN","CCL8","RSPO3","CCDC69"
"22","LYAR","CD27","INPP4B","IFIT2",NA,"PPP1CC","CACYBP","APOBEC3G","ACTN1","MYC","RORA","TMC8","BTG1","GNLY","ZAP70","ITM2A","FKBP5","UBALD2","C12orf75","DONSON","DNAJA4","SAMD9","NAA50","FXYD2","TRIR","SMG1P1","MAOB","MARCH1","SERPINA1","PPIF","IFI30","FGL2","JAML","CETP","C15orf48","MSR1","MAFB","APOC1","APOC1","MS4A6A","MSR1","FTL","MMP9","SELL","SELL","EVI2B","RNF149","FPR1","MXD1","MCEMP1","HCAR3","MCEMP1","PPIF","RGS10","MS4A6A","HLA-DRA","NDRG2","SYNGR2","H2AFZ","COMP","PLAC9","FBLN5","COMP","ASPN","CXCL3","LOC100288077","CD14"
"23","S100A11","GBP5","PLAC8","GBP1",NA,"PDE7B","DUSP1","CD99","VAMP2","RIPOR2","CCR6","SCML4","CD69","PHLDA1","FGR","PVRIG","GPR171","TXNIP","ASCL2","FLT3LG","TNFSF9","IRF7","CXCL8","NUCB2","ATP5F1D","NPIPB3","MS4A3","CD36","TCF7L2","THBD","NLRP3","LGALS2","CFP","LGMN","S100A10","LIPA","NPC2","CTSZ","SLC40A1","CD163","TREM2","CAPG","S100A9","MMP9","S100A12","SMAP2","FPR1","MXD1","PROK2","IER3","PPIF","KRT19","ICAM1","SHTN1","CD1E","GPR183","LTB","JAML","TYMS","ISLR","WISP2","COLEC12","TNFAIP6","RARRES2",NA,"PODN","CD34"
"24","TTC19","GK","TSHZ2","IFI27",NA,"CORO1B","EGR1","S100A4","RASGRP2","TRAF3IP3","MSC","TMEM66","TUBA4A","DUSP4","TMEM66","NPIPB5","FAM102A","MLXIP","TBX21","TXK","CHORDC1","PLSCR1","HLA-B","CORO1A","TTC38","DDX17","PTGS1","AP1S2","TKT","CD14","SAT1","CPVL","HLA-DMA","CCL3","PLAUR","PLD3","HLA-DRB1","MS4A4A","FOLR2","HLA-DRA","LGALS3","FOLR2","CKAP4","EVI2B","IFIT1","LILRB3","CD55","IFITM2","PHACTR1","SLC25A37","IER3","CCL4L2","TNFAIP3","C1orf162","C1orf162","CSF2RA","PLEK2","IL4I1","HLA-DMA","P3H1","PTX3","PDGFD","ID4","FIBIN",NA,"CHRDL1","CD36"
"25","CD69","CD7","FHIT","PARP9",NA,"AHI1","GADD45B","HLA-DRA","LDHB","TXK","FURIN","FAM65B","CMC1","IGKC","SAMD3","NPIPB3","MIAT","FOXP1","DSTN","IL7R","UBB","ISG20","SRGN","PSMB10","TRGV10",NA,"CD9","LTA4H","FGL2","OLR1","PSAP","IFI30","LGALS2","BLVRB","GPNMB","NPC2","FTL","CCL3L1","HLA-DPB1","APOC1","MS4A7","GRN","VNN1","MGAM","TMEM154","RNF149","CLEC4E","FCGR3B","PTGS2","LST1","CCL3L1","TNFAIP6","FCER1G","CADM1","CTSH","DUSP5","HLA-DMA","CD86","S100B","COL11A1","CCL2","GADD45G","GGT5","TMEM119",NA,"CILP","CDH6"
"26","ADGRE5","IL2RB","ACTN1","SAMD9",NA,"H2AFZ","UBB","SH3BGRL3","C1orf162","FHIT","LPXN","ADD3","CREM","GAPDH","TBC1D10C","DENND2D","SCML4","ATM","TGFBR3","UQCRB","DUSP1","CMPK2","HLA-A","RAC2","HIST1H1E",NA,"CAPG","POU2F2","HCK","HBEGF","TCF7L2","PSAP","COTL1","CFP","CTSB","TGFBI","LYZ","FTL","GBP1","HLA-DPA1","CTSZ","TOP2A","CYBB","NAMPT","TXNIP","LST1","IRAK3","CSF3R","GLUL","PLAUR","AQP9","TREM1","CLEC4E","HLA-DMA","JAML","KIF2A","AIF1","HLA-DMB","MKI67","SEPT11","CXCL3","SNAI1","INAFM1","KERA",NA,"PRDM6","CDHR3"
"27","FKBP11","STAM","KLF2","CMPK2",NA,"TNFRSF4","UBC","ANXA2","ATM","BIN2","CCL4","ABLIM1","ZNF331","KIR2DL4","MATK","CCR5","TSC22D3","SORL1","PRF1","LDLRAP1","JUN","GBP1","CMSS1","GIMAP4","PLAC8",NA,"LCN2","STXBP2","DUSP6","CD44","SERPINA1","CTSH","CCDC88A","FCGR3A","FTL","SDS","FCGR3A","CD83","CD14","NPC2","LGMN","MS4A6A","FCN1","ANP32A","SMAP2","TREM1","TMCC3","SLC25A37","TNFAIP6","AQP9","MXD1","CXCL1","CEBPB","DNASE1L3","CD86","HLA-DQB1","HLA-DMB","ETV3","CD1E","NBL1",NA,"LSP1","CILP","ID4",NA,"CCL11","CDHR4"
"28","PIK3R1","LINC00152","MAML2","IFITM1",NA,"C9orf16","DNAJB4","CLU","FAM65B","CD48","PDCD4","RIPOR2","FAM177A1","HLA-DRA","STOM","FAIM3","MGEA5","FAM65B","LGALS1","PABPC1","MRPL18","NT5C3A","EZR","FAIM3","PTGDR",NA,"ANXA1","FGL2","C1orf162","AIF1","CFP","HLA-DMB","POU2F2","CREG1","SLC16A10","ACP5","TYMP","CCL4","LYZ","CCL3","CSTB","MS4A4A","MCEMP1","CYP4F3","LILRB3","MME","CXCL8","DUSP1","APOC3","MXD1","FFAR2","HCAR3","AQP9","MPEG1","GPAT3","TNFAIP2","PPM1N","IL3RA","CTSH","SPON1",NA,"CCL2","OLFML2B","GRP",NA,"CAPN6","CHRDL1"
"29","CD55","DNPH1","FLT3LG","RNF213",NA,"LAT","RGS2","S100A6","TMIGD2","GPSM3","CLDND1","ITGA6","ANXA1","HLA-DRB1","ITGB2","SRPR","TRBC2","NAP1L1","BIN2","UBA52","RGS2","IFI35","CCR4","ARPC1B","TPST2",NA,"GRAP2","MS4A6A","TYROBP","ITGAX","LRRC25","CD68","HLA-DRB1","SDC3","CXCL5","SCD","HLA-DQA1","GPR183","NPC2","FCGRT","CD14","GPNMB","MNDA","CLEC4E","SLC25A37","S100A9","S100A8","CXCR2","RGS2","BRI3","ALOX5AP","ASAH1","CXCL1","GSTP1","GRASP","LSP1","CST3","CCDC50","AP1S2","SULF1",NA,"IL6",NA,"COMP",NA,"PDGFRL","CIDEC"
"30","TSC22D3","IL1R2","TGFBR2","UBE2L6",NA,"BTLA","CCL4","PRF1","AES","ALKBH7","FKBP4","GLTSCR2","MCL1","PRF1","PPP1R18","C1orf63","RBMS1","NOSIP","EMP3","SH3YL1","IFNG","IFI16","CD5","SH2D1A","FYB1",NA,"LMO4","TYROBP","CFP","MPEG1","LYPD2","EREG","S100A4","MS4A4A","UPP1","LGALS1","SDS","MSR1","FTL","HLA-DRB1","PRDX1","FABP5","LYZ","PYGL","EVI2B","H3F3A","FTH1","HCAR3","ALB","SLPI","CCL4L2","CCRL2","CCRL2","BATF3","HBEGF","ID2","CSF1R","CST3","TK1","FNDC1",NA,"PTGS2",NA,"DPT",NA,"PTGS2","CLEC3B"
"31","FAM177A1","DUSP4","GIMAP7","TRIM22",NA,"CPM","IFNG","C12orf75","ATP5O","ATM","LGALS1","TMEM123","UBE2S","CD7","CD97","SLC20A1","ANKRD28","CD48","CD300A","C1orf162","AHSA1","OASL","NFATC2","GIMAP5","MATK",NA,"ANKRD28","KCTD12","FGR","ATP13A3","HES4","CD14","LY86","PLD3","VEGFA","CXCL2","OLR1","CD74","GRN","BLVRB","MS4A4A","H2AFZ","HP","PROK2","S100A9","FPR2","CMTM2","MNDA","ACSL1","TNFAIP6","MX2","OSM","CXCL2","TACSTD2","FCGR2B","POGLUT1","YWHAH","ARL4C","CPVL","CNN1",NA,"NR2F1",NA,"ELN",NA,"SEMA3D","COL21A1"
"32","AREG","GBP2","LDHB","OAS2",NA,"GK","RHOB","LCP1","KLF3","FBL","AHR","ACTN1","METRNL","SIRPG","POLD4","CD27","HNRNPL","LDHB","TTC16","EIF3L","ATF3","OAS2","PPP1R14B","PPP1CA","RASSF1",NA,"LMNA","NAIP","NAAA","KYNU","PILRA","CTSS","AP1S2","CPVL","MAFB","ABCA1","SGK1","FABP5","LIPA","GRN","CTSL","STAB1","RGL4","S100A11","SMCHD1","ITM2B","CPD","VNN2","SERPINA1","IFITM3","GBP1","SPINK1","VEGFA","FGL2","CSF2RA","GSTP1","CAPG","HLA-DQA2","CD1A","MIAT",NA,"F10",NA,"FBLN2",NA,"DPT","COX4I2"
"33","TOB1","HLA-DRB1","AIF1","PLSCR1",NA,"GAPDH","MRPL18","ITGB2","UQCRB","SH3BP5","TNFRSF18","ARHGAP15","KLF6","CD27","LCP2","TAPSAR1","IKZF1","EEF2","KLF3","NACA","NEU1","PARP14","FYN","PPP1R18","ATP5MF",NA,"LAPTM4A","APLP2","PTPN6","SLC43A2","SLC7A7","HBEGF","MARCH1","LYVE1","MMP19","GLUL","HLA-DPA1","ATF3","PRDX1","FTL","FOLR2","MKI67","GCA","CXCR2","SORL1","SELL","SLC25A37","TNFAIP3","OSM","PLEK","MX1","MAP1LC3B","LITAF","S100A10","NR4A3","CD40","C15orf48","METRNL","CAPG","MMP23B",NA,"CEBPA",NA,"IGF1",NA,"NOX4","CTSG"
"34","ARL4C","LAIR2","SELENOH","TNFSF10",NA,"TNFRSF18","DNAJA4","CXCR3","KLF2","CDC25B","TANK","CISH","BTG2","CTSD","GIMAP5","TUBB4B","GNAS","ARHGAP45","TTC38","NPM1","ANKRD37","CXCL13","EOMES","CADM1","SYNE1",NA,"CSF1","NUP214","PLAC8","LGALS2","POU2F2","CSF1R","ARPC1B","PDK4","FCER1G","ABL2","TGFBI","CD163","HLA-DMA","MRC1","HLA-DMA","MSR1","TSPO","LILRB3","MME","MXD1","PHACTR1","PLEK","CXCL1","CEBPB","ICAM1","NSMAF","OLR1","NAP1L1","FGL2","TUBA1C","IL22RA2","IRF8","IFI30","CPXM1",NA,"KDM6B",NA,"IGF2",NA,"ZFHX4","CYP21A2"
"35","ANXA2","RGS1","TRAF3IP3","IFI16",NA,"NME1-NME2","BTG2","ITGB1","UBA52","EIF2S3","CACYBP","EEF1B2","REL","GALNT2","EOMES","CHI3L2","AIM1","SATB1","MATK","KLF2","TCP1","PARP9","AOAH","MYL6B","ATP5IF1",NA,"ARHGAP18","NCF2","LILRB1","GPCPD1","NR4A1","CYBB","SPI1","LILRB5","CTSD","CAPG","PLD3","FCGR2A","PLD3","CTSZ","GRN","PLD3","PYGL","SLC25A37","NCF1","KCNJ2","RGS2","TRIB1","SLC25A37","GLUL","IFI6","SLC25A37","KDM6B","CTSZ","CIITA","HLA-DPA1","SPI1","RAB11FIP1","CKS1B","FIBIN",NA,"PID1",NA,NA,NA,"EPYC","CYP3A5"
"36","FOSB","PIM2","ABLIM1","PARP14",NA,"GPX1","CHORDC1","CYBA","MYC","ACTN1","ZEB2","ARHGAP45","TSC22D3","GEM","GZMM","MYADM","CD81","C19ORF43","ADRB2","SPINT2","TNFSF14","TRIM22","TGIF1","SASH3","ELOB",NA,"ACSL4","HRH2","SLC7A7","AP1S2","TKT","C1orf162","GSTP1","CTSL","ABL2","CCL18","FCGR2A","APOE","GPNMB","HLA-DMA","FABP5","TYMS","PLBD1","CR1","ACSL1","CTSS","BCL2A1","PPIF","CEBPB","OSM","PLEK","BNIP3L","MXD1","XCR1","RNASE6","CD74","CKLF","COTL1","CENPF","P4HA3",NA,NA,NA,NA,NA,"DCHS1","CYP4B1"
"37","KLF6","MIR4435-1HG","ADD3","SP110",NA,"CXCR5","ATF3","AHNAK","FOXP1","PSIP1","KIAA0319L","DGKA","SLC2A3","SNAP47","PTGDR","CPNE1","FYB","FCMR","CD320","NAP1L1","EGR1","TYMP","IL9R","CLIC1","ATP5F1A",NA,"AREG","TALDO1","PYCARD","TKT","SPI1","ADA2","RPS10","MRC1","IL1B","CCL3","LGALS3","NPC2","HLA-DRB5","MSR1","CAPG","CYBB","RFLNB","QPCT","LST1","SMCHD1","CSF3R","CD55","IVNS1ABP","MAP1LC3B","HERC5","CD83","PLEK","PPA1","ITGAX","MGLL","IL18","CD83","SDS","GXYLT2",NA,NA,NA,NA,NA,"DNM3","CYP4F12"
"38","NR4A2","GLRX","EIF3E","IFI35",NA,"PGAM1","AHSA1","COTL1","ABLIM1","CCND3","CAPG","STMN3","NR4A3","ITGAE","GBP5","PIP4K2A","MDFIC","EEF1B2","PXN","MYC","DEDD2","UBE2L6","VIM","RNASEK","CDC25B",NA,"CAVIN2","ARPC1B","PILRA","APLP2","TIMP1","C1QC","CIITA","AXL","LGALS3","TREM2","LGMN","HLA-DRA","MS4A6A","HLA-DPB1","RNASE1","VSIG4","ORM1","SORL1","RNF149","YPEL3","LITAF","CEBPB","PLEK","ASAH1","CXCL1","MXD1","EGR3","S100B","PLD4","BASP1","SERPINF1","EZR","UBE2C","CILP2",NA,NA,NA,NA,NA,"COL6A6","CYP4X1"
"39","TIMP1","HPGD","MYC","BST2",NA,"PKM","TNF","CLIC1","APBA2","BIN1","TIFA","RASA3","IL7R","PTMS","HCST","FOS","LAPTM5","KLF2","C1orf21","SERINC5","SOD1","LGALS9","CD28","ZYX","ATP5MD",NA,"FOSB","PYCARD","TYMP","CFD","MTSS1","C1QB","SLC25A6","APOE","INHBA","HK2","RGS1","BLVRB","TYMP","MAFB","SELENOP","PCLAF","NCF1","LST1","TREM1","ACSL1","PTGS2","ICAM1","GCA","GK","PTGS2","KRT18","IL1RN","PPT1","INSIG1","CTSH","C1QC","HLA-DRB5","AIF1","P3H4",NA,NA,NA,NA,NA,"CPZ","DACT2"
"40","TGFB1","HLA-A","ATP5MC2","USP18",NA,"RNF19A","NEU1","CD63","SH3YL1","EIF3L","NCDN","IFITM1","DUSP1","ALOX5AP","TRAF3IP3","ZNF331","CXCR4","C19ORF53","FLNA","FOXP1","GADD45B","EEF1A1P5","CMTM7","NME1-NME2","ATP5MC3",NA,"RAB32","IL17RA","CSF1R","CD93","CD55","GPR183","CLEC12A","MAFB","CD44","GRN","TMEM176B","CCL4L2","MMP9","HLA-DRB5","LIPA","TUBA1C","BASP1","IL17RA","H3F3A","TLR2","VNN2","CPD","CD55","VEGFA","IL1RN","DDIT3","TNFAIP2","LSP1","SAMHD1","HLA-DRB1","MS4A6A","LTB","HLA-DMB","CCDC80",NA,NA,NA,NA,NA,"FLRT2","DGAT2"
"41","PTGER2","ICA1","OXNAD1","LGALS9",NA,"ZBED2","IER2","CD52","NPM1","UXT","SOX4","SUN2","SRGN","TIMD4","INPP4B","SKIL","UBL3","RASGRP2","TPST2","EEF2","TNF","BST2","EMD","PYCARD","TGFBR3",NA,"CD69","DUSP6","S100A6","PSAP","ZEB2","TYROBP","FGL2","ADAP2","HMOX1","PLTP","HLA-DMB","NR4A2","MS4A4A","GPR34","CREG1","BLVRB","OLR1","TALDO1","RSAD2","NCF2","SAT1","ACSL1","APOA1","LCP2","CCR1","UBE2B","NFKBIZ","TMSB4X","PPA1","MARCKS","SYNGR2","HERPUD1","TOP2A",NA,NA,NA,NA,NA,NA,"NEGR1","DGKB"
"42","AQP3","ICOS","DGKA","SP100",NA,"PASK","DNAJB6","ID2",NA,"VAMP2","ANXA5","FHIT","PDE4B","LYST","MYO1G","TUBA4A","KLF13","FBL","ITGB2","RASGRP2","RHOB","DDX60","FAM102A","WDR1","ITGB2",NA,"TSC22D1","PGD","LYN","ACSL1","FGL2","GRN","RPL36A","CXCL12","IER3","APLP2","IL4I1","CTSL","HLA-DMB","SLCO2B1","DAB2","CD163","ITGAM","TMEM154","CTSS","CSF2RB","IVNS1ABP","CXCL1","RNF149","ICAM1","TAGAP","CYSTM1","BRI3","CCND1","TYMP","GRSF1","AXL","CHMP1B","PKIB",NA,NA,NA,NA,NA,NA,"BMPER","DNASE1L3"
"43","CRIP1","UGP2","TMC8","DDX60L",NA,"THADA","DUSP2","S100A10",NA,"STMN3","ADAM19","GIMAP5","CSRNP1","ETV1","PPP1CA","JAK3","PDE7A","PABPC1","RORA","PFDN5","DNAJB6","HELZ2","PLP2","GABARAP","REX1BD",NA,"NFKBIA","MEGF9","TNFRSF1B","VEGFA","CD300E","KLF4","EIF3L","NPC2","TYMP","BLVRB","CD9","SDS","IER3","CST3","HMOX1","UBE2C","C3AR1","H3F3A","FPR2","CLEC7A","SYAP1","NFKBIZ","TRIB1","TRIB1","TNFSF13B","EGR1","EGR1","GPR157","COTL1","RAB9A","HPGDS","REL","INSIG1",NA,NA,NA,NA,NA,NA,"LOC255480","DPY19L2"
"44","TAGLN2","ENTPD1","CAMK4","SLFN5",NA,"LIMS1","IER5","CTSW",NA,"CCR7","DNAJA1","TXK","TUBB4B","NKG7","SLAMF7","ITM2C","STT3B","TMEM123","LAIR2","NELL2","FOSB","SP100","ATP5MPL","IDH2","C1orf21",NA,"RRAD","SERPINB1","GPBAR1","TYMP","FGR","TYMP","KCNK6","MSR1","CCL2","SLC16A10","MS4A6A","HLA-DRB1","CD5L","CPVL","BLVRB","CDK1","TFF3","STEAP4","TLR2","IRS2","SMCHD1","IL1RN","RBP4","CCRL2","LCP2","IVNS1ABP","PTGS2","RAB32","MAT2A","SYNGR2","CPVL","PPA1","HMGB2",NA,NA,NA,NA,NA,NA,"CXCL12","EBF2"
"45","CRYBG1","GADD45A","FCMR","PPM1K",NA,"IL6ST","CD69","S100A11",NA,"SELENOH","H2AFZ","CCND3","CD44","BATF","TC2N","EEF1G","KLRD1","44448","PATL2","RGS10","FOS","SP110","PPP1R16B","ARF5","SASH3",NA,"RGS10","SAMHD1","CST3","AREG","TYROBP","HLA-DQA2","CD33","FUCA1","CCL3","CREG1","HLA-DMA","CD14","IL1B","CSF1R","TMEM176B","HMGN2","SAA1","ALOX5AP","HERC5","ANP32A","RILPL2","LCP2","AMBP","CCL3L1","CCRL2","ATP6V0B","SLPI","HLA-DMB","SGK1","GPX4","CD86","SERPINB9","YWHAH",NA,NA,NA,NA,NA,NA,"HTRA3","EBF3"
"46","CDKN1A","UCP2","TC2N","LAP3",NA,"RAB27A","SERTAD1","EMB",NA,"SH3YL1","ATP2B4","S1PR1","EIF1","CD63","IL16","DENND1C","PIP4K2A","GRK2","SAMD3","RCAN3","DOK2","USP18","SLC7A5","MIR4435-1HG","MYO1G",NA,"MPP1","TNFSF13B","MTSS1","SERPINB9","CTSC","IER3","TSPO","AIF1","IFI6","PLA2G7","HMOX1","GRN","IL4I1","ADAP2","PLD3","CD74","UGCG","S100P","FKBP5","P2RY13","IFRD1","PTPRE","APOB","KATNBL1","PLAU","KATNBL1","TANK","TSPAN33","ARL4C","NCCRP1","RGS10","S100B","COTL1",NA,NA,NA,NA,NA,NA,"DIO2","ECM2"
"47","EZR","NAMPT","LPAR6","C19orf66",NA,"FKBP5","ANXA1","HMGB2",NA,"SPINT2","HSP90AB1","GPSM3","EZR","CD82","RBL2","INPP4B","MDM4","RCAN3","SH3BP5","CD55","TSPYL2","LAP3","SLC3A2","POLD4","SELENOH",NA,"CD24","C1orf162","CD300E","DUSP6","ZFAND5","CEBPD","S100A9","CTSS","AREG","MMP9","RNASE1","IER3","CTSD","HLA-DQA1","SLC40A1","CCL3","CPNE3","RNF149","TNFSF13B","CPPED1","ABHD5","TAGAP","APOH","ZNF267","HES4","LGALS3","LCP2","SLAMF7","CEBPD","TYMP","ALOX5AP","ACOT7","DUT",NA,NA,NA,NA,NA,NA,"TNNT3","ESAM"
"48","SLC2A3","IFI6","AES","GZMA",NA,"MAF","KLF6","PARP8",NA,"EEF1B2","LMO4","TC2N","FAM46C","ZBED2","CORO1A","JUNB","IKZF3","PABPC4","MYO1G","C1orf228","IER5","DDX60L","COTL1","C12orf75","APMAP",NA,"RETN","CFD","VSIR","PLIN2","MT2A","SGK1","CTSH","FCER1G","ISG15","CCL20","HLA-DRB5","HLA-DPA1","CST3","HLA-DMB","NUPR1","LGALS1","CLEC12A","LBR","MX1","FKBP5","USP10","NR4A3","FABP1","GBP1","VEGFA","LCP2","ARL5B","NAAA","SDS","ALDH2","LST1","SOX4","AREG",NA,NA,NA,NA,NA,NA,"COL6A3","F10"
"49","PLP2","CCR8","FOXP1","DRAP1",NA,"ATP5G3","NR4A2","ATP5MG",NA,"KLF2","GNA15","TRAF3IP3","ATP1B3","PKM","CISD3","SRSF6","TOB1","MLLT6","S1PR1","SMDT1","CKS2","DDX58","CD44","PLEK","SAMD3",NA,"TUBA1A","ASGR1","MPEG1","CXCL3","BAG3","PLIN2","S100A10","MPEG1","NUPR1","CCL2","CXCL9","CCL18","SELENOP","STAB1","CXCL10","SELENOP","LTA4H","ENTPD1","YPEL3","CELF2","PRKDC","GPR65","PPIF","ZFYVE16","GBP5","SNX10","PLAU","CLNK","HERPUD1","RGS1","CLDN1","PTGDS","HIST1H4C",NA,NA,NA,NA,NA,NA,"KCNK2","FAM162B"
"50","GLIPR1","ARID5B","TESPA1","GBP4",NA,"PFN1","TCP1","ANXA1",NA,"NUCB2","SQSTM1","TESPA1","TTC19","FKBP1A","CSK","TOX","RORA","POU2F2","RIPOR2","EIF3H","STIP1","RNF213","TGFB1","FKBP1A","PSMB10",NA,"NCOA4","RBP7","MAFB","CCL20","ZFAND2A","AREG","MS4A6A","MT2A","CXCL10","MT1G","CXCL10","PLA2G7","RNASE1","CREG1","MT1G","MT1G","HBB","FKBP5","ANP32A","IFITM1","FRMD4B","IFRD1","SAMSN1","CCL4L2","TNFSF10","ERO1A","CCL20","TXN","ATP1B3","TMSB10","GPR183","TXN","FCGBP",NA,NA,NA,NA,NA,NA,"KERA","FAM180B"
"51",NA,NA,NA,NA,NA,NA,NA,NA,NA,NA,NA,NA,NA,NA,NA,NA,NA,NA,NA,NA,NA,NA,NA,NA,NA,NA,NA,NA,NA,NA,NA,NA,NA,NA,NA,NA,NA,NA,NA,NA,NA,NA,NA,NA,NA,NA,NA,NA,NA,NA,NA,NA,NA,NA,NA,NA,NA,NA,NA,NA,NA,NA,NA,NA,NA,"COL11A1","FBLN5"
"52",NA,NA,NA,NA,NA,NA,NA,NA,NA,NA,NA,NA,NA,NA,NA,NA,NA,NA,NA,NA,NA,NA,NA,NA,NA,NA,NA,NA,NA,NA,NA,NA,NA,NA,NA,NA,NA,NA,NA,NA,NA,NA,NA,NA,NA,NA,NA,NA,NA,NA,NA,NA,NA,NA,NA,NA,NA,NA,NA,NA,NA,NA,NA,NA,NA,"STMN2","FHL5"
"53",NA,NA,NA,NA,NA,NA,NA,NA,NA,NA,NA,NA,NA,NA,NA,NA,NA,NA,NA,NA,NA,NA,NA,NA,NA,NA,NA,NA,NA,NA,NA,NA,NA,NA,NA,NA,NA,NA,NA,NA,NA,NA,NA,NA,NA,NA,NA,NA,NA,NA,NA,NA,NA,NA,NA,NA,NA,NA,NA,NA,NA,NA,NA,NA,NA,"SYNDIG1","FNDC5"
"54",NA,NA,NA,NA,NA,NA,NA,NA,NA,NA,NA,NA,NA,NA,NA,NA,NA,NA,NA,NA,NA,NA,NA,NA,NA,NA,NA,NA,NA,NA,NA,NA,NA,NA,NA,NA,NA,NA,NA,NA,NA,NA,NA,NA,NA,NA,NA,NA,NA,NA,NA,NA,NA,NA,NA,NA,NA,NA,NA,NA,NA,NA,NA,NA,NA,"ISLR","FRMPD1"
"55",NA,NA,NA,NA,NA,NA,NA,NA,NA,NA,NA,NA,NA,NA,NA,NA,NA,NA,NA,NA,NA,NA,NA,NA,NA,NA,NA,NA,NA,NA,NA,NA,NA,NA,NA,NA,NA,NA,NA,NA,NA,NA,NA,NA,NA,NA,NA,NA,NA,NA,NA,NA,NA,NA,NA,NA,NA,NA,NA,NA,NA,NA,NA,NA,NA,"COL10A1","FZD4"
"56",NA,NA,NA,NA,NA,NA,NA,NA,NA,NA,NA,NA,NA,NA,NA,NA,NA,NA,NA,NA,NA,NA,NA,NA,NA,NA,NA,NA,NA,NA,NA,NA,NA,NA,NA,NA,NA,NA,NA,NA,NA,NA,NA,NA,NA,NA,NA,NA,NA,NA,NA,NA,NA,NA,NA,NA,NA,NA,NA,NA,NA,NA,NA,NA,NA,"ADH1B","G0S2"
"57",NA,NA,NA,NA,NA,NA,NA,NA,NA,NA,NA,NA,NA,NA,NA,NA,NA,NA,NA,NA,NA,NA,NA,NA,NA,NA,NA,NA,NA,NA,NA,NA,NA,NA,NA,NA,NA,NA,NA,NA,NA,NA,NA,NA,NA,NA,NA,NA,NA,NA,NA,NA,NA,NA,NA,NA,NA,NA,NA,NA,NA,NA,NA,NA,NA,"OMD","GDF10"
"58",NA,NA,NA,NA,NA,NA,NA,NA,NA,NA,NA,NA,NA,NA,NA,NA,NA,NA,NA,NA,NA,NA,NA,NA,NA,NA,NA,NA,NA,NA,NA,NA,NA,NA,NA,NA,NA,NA,NA,NA,NA,NA,NA,NA,NA,NA,NA,NA,NA,NA,NA,NA,NA,NA,NA,NA,NA,NA,NA,NA,NA,NA,NA,NA,NA,"GAS1","GHR"
"59",NA,NA,NA,NA,NA,NA,NA,NA,NA,NA,NA,NA,NA,NA,NA,NA,NA,NA,NA,NA,NA,NA,NA,NA,NA,NA,NA,NA,NA,NA,NA,NA,NA,NA,NA,NA,NA,NA,NA,NA,NA,NA,NA,NA,NA,NA,NA,NA,NA,NA,NA,NA,NA,NA,NA,NA,NA,NA,NA,NA,NA,NA,NA,NA,NA,"PTX3","GPD1"
"60",NA,NA,NA,NA,NA,NA,NA,NA,NA,NA,NA,NA,NA,NA,NA,NA,NA,NA,NA,NA,NA,NA,NA,NA,NA,NA,NA,NA,NA,NA,NA,NA,NA,NA,NA,NA,NA,NA,NA,NA,NA,NA,NA,NA,NA,NA,NA,NA,NA,NA,NA,NA,NA,NA,NA,NA,NA,NA,NA,NA,NA,NA,NA,NA,NA,"FLNC","HBA1"
"61",NA,NA,NA,NA,NA,NA,NA,NA,NA,NA,NA,NA,NA,NA,NA,NA,NA,NA,NA,NA,NA,NA,NA,NA,NA,NA,NA,NA,NA,NA,NA,NA,NA,NA,NA,NA,NA,NA,NA,NA,NA,NA,NA,NA,NA,NA,NA,NA,NA,NA,NA,NA,NA,NA,NA,NA,NA,NA,NA,NA,NA,NA,NA,NA,NA,"SPON1","HBA2"
"62",NA,NA,NA,NA,NA,NA,NA,NA,NA,NA,NA,NA,NA,NA,NA,NA,NA,NA,NA,NA,NA,NA,NA,NA,NA,NA,NA,NA,NA,NA,NA,NA,NA,NA,NA,NA,NA,NA,NA,NA,NA,NA,NA,NA,NA,NA,NA,NA,NA,NA,NA,NA,NA,NA,NA,NA,NA,NA,NA,NA,NA,NA,NA,NA,NA,"CST1","HBB"
"63",NA,NA,NA,NA,NA,NA,NA,NA,NA,NA,NA,NA,NA,NA,NA,NA,NA,NA,NA,NA,NA,NA,NA,NA,NA,NA,NA,NA,NA,NA,NA,NA,NA,NA,NA,NA,NA,NA,NA,NA,NA,NA,NA,NA,NA,NA,NA,NA,NA,NA,NA,NA,NA,NA,NA,NA,NA,NA,NA,NA,NA,NA,NA,NA,NA,"CNTN3","HBD"
"64",NA,NA,NA,NA,NA,NA,NA,NA,NA,NA,NA,NA,NA,NA,NA,NA,NA,NA,NA,NA,NA,NA,NA,NA,NA,NA,NA,NA,NA,NA,NA,NA,NA,NA,NA,NA,NA,NA,NA,NA,NA,NA,NA,NA,NA,NA,NA,NA,NA,NA,NA,NA,NA,NA,NA,NA,NA,NA,NA,NA,NA,NA,NA,NA,NA,"COMP","HIGD1B"
"65",NA,NA,NA,NA,NA,NA,NA,NA,NA,NA,NA,NA,NA,NA,NA,NA,NA,NA,NA,NA,NA,NA,NA,NA,NA,NA,NA,NA,NA,NA,NA,NA,NA,NA,NA,NA,NA,NA,NA,NA,NA,NA,NA,NA,NA,NA,NA,NA,NA,NA,NA,NA,NA,NA,NA,NA,NA,NA,NA,NA,NA,NA,NA,NA,NA,"CD177","HRCT1"
"66",NA,NA,NA,NA,NA,NA,NA,NA,NA,NA,NA,NA,NA,NA,NA,NA,NA,NA,NA,NA,NA,NA,NA,NA,NA,NA,NA,NA,NA,NA,NA,NA,NA,NA,NA,NA,NA,NA,NA,NA,NA,NA,NA,NA,NA,NA,NA,NA,NA,NA,NA,NA,NA,NA,NA,NA,NA,NA,NA,NA,NA,NA,NA,NA,NA,"MFAP4","IL33"
"67",NA,NA,NA,NA,NA,NA,NA,NA,NA,NA,NA,NA,NA,NA,NA,NA,NA,NA,NA,NA,NA,NA,NA,NA,NA,NA,NA,NA,NA,NA,NA,NA,NA,NA,NA,NA,NA,NA,NA,NA,NA,NA,NA,NA,NA,NA,NA,NA,NA,NA,NA,NA,NA,NA,NA,NA,NA,NA,NA,NA,NA,NA,NA,NA,NA,"LSP1","KANK3"
"68",NA,NA,NA,NA,NA,NA,NA,NA,NA,NA,NA,NA,NA,NA,NA,NA,NA,NA,NA,NA,NA,NA,NA,NA,NA,NA,NA,NA,NA,NA,NA,NA,NA,NA,NA,NA,NA,NA,NA,NA,NA,NA,NA,NA,NA,NA,NA,NA,NA,NA,NA,NA,NA,NA,NA,NA,NA,NA,NA,NA,NA,NA,NA,NA,NA,"F13A1","KCNA2"
"69",NA,NA,NA,NA,NA,NA,NA,NA,NA,NA,NA,NA,NA,NA,NA,NA,NA,NA,NA,NA,NA,NA,NA,NA,NA,NA,NA,NA,NA,NA,NA,NA,NA,NA,NA,NA,NA,NA,NA,NA,NA,NA,NA,NA,NA,NA,NA,NA,NA,NA,NA,NA,NA,NA,NA,NA,NA,NA,NA,NA,NA,NA,NA,NA,NA,"PLA2G2A","KCNAB1"
"70",NA,NA,NA,NA,NA,NA,NA,NA,NA,NA,NA,NA,NA,NA,NA,NA,NA,NA,NA,NA,NA,NA,NA,NA,NA,NA,NA,NA,NA,NA,NA,NA,NA,NA,NA,NA,NA,NA,NA,NA,NA,NA,NA,NA,NA,NA,NA,NA,NA,NA,NA,NA,NA,NA,NA,NA,NA,NA,NA,NA,NA,NA,NA,NA,NA,"GDF10","KLF2"
"71",NA,NA,NA,NA,NA,NA,NA,NA,NA,NA,NA,NA,NA,NA,NA,NA,NA,NA,NA,NA,NA,NA,NA,NA,NA,NA,NA,NA,NA,NA,NA,NA,NA,NA,NA,NA,NA,NA,NA,NA,NA,NA,NA,NA,NA,NA,NA,NA,NA,NA,NA,NA,NA,NA,NA,NA,NA,NA,NA,NA,NA,NA,NA,NA,NA,"UST","KRT222"
"72",NA,NA,NA,NA,NA,NA,NA,NA,NA,NA,NA,NA,NA,NA,NA,NA,NA,NA,NA,NA,NA,NA,NA,NA,NA,NA,NA,NA,NA,NA,NA,NA,NA,NA,NA,NA,NA,NA,NA,NA,NA,NA,NA,NA,NA,NA,NA,NA,NA,NA,NA,NA,NA,NA,NA,NA,NA,NA,NA,NA,NA,NA,NA,NA,NA,"FHAD1","LIFR"
"73",NA,NA,NA,NA,NA,NA,NA,NA,NA,NA,NA,NA,NA,NA,NA,NA,NA,NA,NA,NA,NA,NA,NA,NA,NA,NA,NA,NA,NA,NA,NA,NA,NA,NA,NA,NA,NA,NA,NA,NA,NA,NA,NA,NA,NA,NA,NA,NA,NA,NA,NA,NA,NA,NA,NA,NA,NA,NA,NA,NA,NA,NA,NA,NA,NA,"OGN","LMO3"
"74",NA,NA,NA,NA,NA,NA,NA,NA,NA,NA,NA,NA,NA,NA,NA,NA,NA,NA,NA,NA,NA,NA,NA,NA,NA,NA,NA,NA,NA,NA,NA,NA,NA,NA,NA,NA,NA,NA,NA,NA,NA,NA,NA,NA,NA,NA,NA,NA,NA,NA,NA,NA,NA,NA,NA,NA,NA,NA,NA,NA,NA,NA,NA,NA,NA,"LIPG","LRAT"
"75",NA,NA,NA,NA,NA,NA,NA,NA,NA,NA,NA,NA,NA,NA,NA,NA,NA,NA,NA,NA,NA,NA,NA,NA,NA,NA,NA,NA,NA,NA,NA,NA,NA,NA,NA,NA,NA,NA,NA,NA,NA,NA,NA,NA,NA,NA,NA,NA,NA,NA,NA,NA,NA,NA,NA,NA,NA,NA,NA,NA,NA,NA,NA,NA,NA,"SORCS2","LRP1B"
"76",NA,NA,NA,NA,NA,NA,NA,NA,NA,NA,NA,NA,NA,NA,NA,NA,NA,NA,NA,NA,NA,NA,NA,NA,NA,NA,NA,NA,NA,NA,NA,NA,NA,NA,NA,NA,NA,NA,NA,NA,NA,NA,NA,NA,NA,NA,NA,NA,NA,NA,NA,NA,NA,NA,NA,NA,NA,NA,NA,NA,NA,NA,NA,NA,NA,"FGF7","MLXIPL"
"77",NA,NA,NA,NA,NA,NA,NA,NA,NA,NA,NA,NA,NA,NA,NA,NA,NA,NA,NA,NA,NA,NA,NA,NA,NA,NA,NA,NA,NA,NA,NA,NA,NA,NA,NA,NA,NA,NA,NA,NA,NA,NA,NA,NA,NA,NA,NA,NA,NA,NA,NA,NA,NA,NA,NA,NA,NA,NA,NA,NA,NA,NA,NA,NA,NA,"ABCA9","NEGR1"
"78",NA,NA,NA,NA,NA,NA,NA,NA,NA,NA,NA,NA,NA,NA,NA,NA,NA,NA,NA,NA,NA,NA,NA,NA,NA,NA,NA,NA,NA,NA,NA,NA,NA,NA,NA,NA,NA,NA,NA,NA,NA,NA,NA,NA,NA,NA,NA,NA,NA,NA,NA,NA,NA,NA,NA,NA,NA,NA,NA,NA,NA,NA,NA,NA,NA,"WISP2","NOVA1"
"79",NA,NA,NA,NA,NA,NA,NA,NA,NA,NA,NA,NA,NA,NA,NA,NA,NA,NA,NA,NA,NA,NA,NA,NA,NA,NA,NA,NA,NA,NA,NA,NA,NA,NA,NA,NA,NA,NA,NA,NA,NA,NA,NA,NA,NA,NA,NA,NA,NA,NA,NA,NA,NA,NA,NA,NA,NA,NA,NA,NA,NA,NA,NA,NA,NA,"BEND6","NPR1"
"80",NA,NA,NA,NA,NA,NA,NA,NA,NA,NA,NA,NA,NA,NA,NA,NA,NA,NA,NA,NA,NA,NA,NA,NA,NA,NA,NA,NA,NA,NA,NA,NA,NA,NA,NA,NA,NA,NA,NA,NA,NA,NA,NA,NA,NA,NA,NA,NA,NA,NA,NA,NA,NA,NA,NA,NA,NA,NA,NA,NA,NA,NA,NA,NA,NA,"ADH1C","NPY1R"
"81",NA,NA,NA,NA,NA,NA,NA,NA,NA,NA,NA,NA,NA,NA,NA,NA,NA,NA,NA,NA,NA,NA,NA,NA,NA,NA,NA,NA,NA,NA,NA,NA,NA,NA,NA,NA,NA,NA,NA,NA,NA,NA,NA,NA,NA,NA,NA,NA,NA,NA,NA,NA,NA,NA,NA,NA,NA,NA,NA,NA,NA,NA,NA,NA,NA,"GRIA3","NTN1"
"82",NA,NA,NA,NA,NA,NA,NA,NA,NA,NA,NA,NA,NA,NA,NA,NA,NA,NA,NA,NA,NA,NA,NA,NA,NA,NA,NA,NA,NA,NA,NA,NA,NA,NA,NA,NA,NA,NA,NA,NA,NA,NA,NA,NA,NA,NA,NA,NA,NA,NA,NA,NA,NA,NA,NA,NA,NA,NA,NA,NA,NA,NA,NA,NA,NA,"FAT4","NTN4"
"83",NA,NA,NA,NA,NA,NA,NA,NA,NA,NA,NA,NA,NA,NA,NA,NA,NA,NA,NA,NA,NA,NA,NA,NA,NA,NA,NA,NA,NA,NA,NA,NA,NA,NA,NA,NA,NA,NA,NA,NA,NA,NA,NA,NA,NA,NA,NA,NA,NA,NA,NA,NA,NA,NA,NA,NA,NA,NA,NA,NA,NA,NA,NA,NA,NA,"FNDC1","PCOLCE2"
"84",NA,NA,NA,NA,NA,NA,NA,NA,NA,NA,NA,NA,NA,NA,NA,NA,NA,NA,NA,NA,NA,NA,NA,NA,NA,NA,NA,NA,NA,NA,NA,NA,NA,NA,NA,NA,NA,NA,NA,NA,NA,NA,NA,NA,NA,NA,NA,NA,NA,NA,NA,NA,NA,NA,NA,NA,NA,NA,NA,NA,NA,NA,NA,NA,NA,"SCARA5","PGM5"
"85",NA,NA,NA,NA,NA,NA,NA,NA,NA,NA,NA,NA,NA,NA,NA,NA,NA,NA,NA,NA,NA,NA,NA,NA,NA,NA,NA,NA,NA,NA,NA,NA,NA,NA,NA,NA,NA,NA,NA,NA,NA,NA,NA,NA,NA,NA,NA,NA,NA,NA,NA,NA,NA,NA,NA,NA,NA,NA,NA,NA,NA,NA,NA,NA,NA,"IGFL2","PID1"
"86",NA,NA,NA,NA,NA,NA,NA,NA,NA,NA,NA,NA,NA,NA,NA,NA,NA,NA,NA,NA,NA,NA,NA,NA,NA,NA,NA,NA,NA,NA,NA,NA,NA,NA,NA,NA,NA,NA,NA,NA,NA,NA,NA,NA,NA,NA,NA,NA,NA,NA,NA,NA,NA,NA,NA,NA,NA,NA,NA,NA,NA,NA,NA,NA,NA,"KIAA1199","PLIN1"
"87",NA,NA,NA,NA,NA,NA,NA,NA,NA,NA,NA,NA,NA,NA,NA,NA,NA,NA,NA,NA,NA,NA,NA,NA,NA,NA,NA,NA,NA,NA,NA,NA,NA,NA,NA,NA,NA,NA,NA,NA,NA,NA,NA,NA,NA,NA,NA,NA,NA,NA,NA,NA,NA,NA,NA,NA,NA,NA,NA,NA,NA,NA,NA,NA,NA,"PI16","PLIN4"
"88",NA,NA,NA,NA,NA,NA,NA,NA,NA,NA,NA,NA,NA,NA,NA,NA,NA,NA,NA,NA,NA,NA,NA,NA,NA,NA,NA,NA,NA,NA,NA,NA,NA,NA,NA,NA,NA,NA,NA,NA,NA,NA,NA,NA,NA,NA,NA,NA,NA,NA,NA,NA,NA,NA,NA,NA,NA,NA,NA,NA,NA,NA,NA,NA,NA,"LOC728640","PPARG"
"89",NA,NA,NA,NA,NA,NA,NA,NA,NA,NA,NA,NA,NA,NA,NA,NA,NA,NA,NA,NA,NA,NA,NA,NA,NA,NA,NA,NA,NA,NA,NA,NA,NA,NA,NA,NA,NA,NA,NA,NA,NA,NA,NA,NA,NA,NA,NA,NA,NA,NA,NA,NA,NA,NA,NA,NA,NA,NA,NA,NA,NA,NA,NA,NA,NA,"C3orf55","PPP1R1A"
"90",NA,NA,NA,NA,NA,NA,NA,NA,NA,NA,NA,NA,NA,NA,NA,NA,NA,NA,NA,NA,NA,NA,NA,NA,NA,NA,NA,NA,NA,NA,NA,NA,NA,NA,NA,NA,NA,NA,NA,NA,NA,NA,NA,NA,NA,NA,NA,NA,NA,NA,NA,NA,NA,NA,NA,NA,NA,NA,NA,NA,NA,NA,NA,NA,NA,"AOX1","PRG2"
"91",NA,NA,NA,NA,NA,NA,NA,NA,NA,NA,NA,NA,NA,NA,NA,NA,NA,NA,NA,NA,NA,NA,NA,NA,NA,NA,NA,NA,NA,NA,NA,NA,NA,NA,NA,NA,NA,NA,NA,NA,NA,NA,NA,NA,NA,NA,NA,NA,NA,NA,NA,NA,NA,NA,NA,NA,NA,NA,NA,NA,NA,NA,NA,NA,NA,"CLCN4","PXDNL"
"92",NA,NA,NA,NA,NA,NA,NA,NA,NA,NA,NA,NA,NA,NA,NA,NA,NA,NA,NA,NA,NA,NA,NA,NA,NA,NA,NA,NA,NA,NA,NA,NA,NA,NA,NA,NA,NA,NA,NA,NA,NA,NA,NA,NA,NA,NA,NA,NA,NA,NA,NA,NA,NA,NA,NA,NA,NA,NA,NA,NA,NA,NA,NA,NA,NA,"HS3ST3A1","REEP1"
"93",NA,NA,NA,NA,NA,NA,NA,NA,NA,NA,NA,NA,NA,NA,NA,NA,NA,NA,NA,NA,NA,NA,NA,NA,NA,NA,NA,NA,NA,NA,NA,NA,NA,NA,NA,NA,NA,NA,NA,NA,NA,NA,NA,NA,NA,NA,NA,NA,NA,NA,NA,NA,NA,NA,NA,NA,NA,NA,NA,NA,NA,NA,NA,NA,NA,"TMEM176B","RET"
"94",NA,NA,NA,NA,NA,NA,NA,NA,NA,NA,NA,NA,NA,NA,NA,NA,NA,NA,NA,NA,NA,NA,NA,NA,NA,NA,NA,NA,NA,NA,NA,NA,NA,NA,NA,NA,NA,NA,NA,NA,NA,NA,NA,NA,NA,NA,NA,NA,NA,NA,NA,NA,NA,NA,NA,NA,NA,NA,NA,NA,NA,NA,NA,NA,NA,"CST2","S1PR1"
"95",NA,NA,NA,NA,NA,NA,NA,NA,NA,NA,NA,NA,NA,NA,NA,NA,NA,NA,NA,NA,NA,NA,NA,NA,NA,NA,NA,NA,NA,NA,NA,NA,NA,NA,NA,NA,NA,NA,NA,NA,NA,NA,NA,NA,NA,NA,NA,NA,NA,NA,NA,NA,NA,NA,NA,NA,NA,NA,NA,NA,NA,NA,NA,NA,NA,"FBN1","SCARA5"
"96",NA,NA,NA,NA,NA,NA,NA,NA,NA,NA,NA,NA,NA,NA,NA,NA,NA,NA,NA,NA,NA,NA,NA,NA,NA,NA,NA,NA,NA,NA,NA,NA,NA,NA,NA,NA,NA,NA,NA,NA,NA,NA,NA,NA,NA,NA,NA,NA,NA,NA,NA,NA,NA,NA,NA,NA,NA,NA,NA,NA,NA,NA,NA,NA,NA,"GXYLT2","SCARF1"
"97",NA,NA,NA,NA,NA,NA,NA,NA,NA,NA,NA,NA,NA,NA,NA,NA,NA,NA,NA,NA,NA,NA,NA,NA,NA,NA,NA,NA,NA,NA,NA,NA,NA,NA,NA,NA,NA,NA,NA,NA,NA,NA,NA,NA,NA,NA,NA,NA,NA,NA,NA,NA,NA,NA,NA,NA,NA,NA,NA,NA,NA,NA,NA,NA,NA,"FGL2","SCN4A"
"98",NA,NA,NA,NA,NA,NA,NA,NA,NA,NA,NA,NA,NA,NA,NA,NA,NA,NA,NA,NA,NA,NA,NA,NA,NA,NA,NA,NA,NA,NA,NA,NA,NA,NA,NA,NA,NA,NA,NA,NA,NA,NA,NA,NA,NA,NA,NA,NA,NA,NA,NA,NA,NA,NA,NA,NA,NA,NA,NA,NA,NA,NA,NA,NA,NA,"GABRB2","SCN4B"
"99",NA,NA,NA,NA,NA,NA,NA,NA,NA,NA,NA,NA,NA,NA,NA,NA,NA,NA,NA,NA,NA,NA,NA,NA,NA,NA,NA,NA,NA,NA,NA,NA,NA,NA,NA,NA,NA,NA,NA,NA,NA,NA,NA,NA,NA,NA,NA,NA,NA,NA,NA,NA,NA,NA,NA,NA,NA,NA,NA,NA,NA,NA,NA,NA,NA,"COL3A1","SDPR"
"100",NA,NA,NA,NA,NA,NA,NA,NA,NA,NA,NA,NA,NA,NA,NA,NA,NA,NA,NA,NA,NA,NA,NA,NA,NA,NA,NA,NA,NA,NA,NA,NA,NA,NA,NA,NA,NA,NA,NA,NA,NA,NA,NA,NA,NA,NA,NA,NA,NA,NA,NA,NA,NA,NA,NA,NA,NA,NA,NA,NA,NA,NA,NA,NA,NA,"SLC1A7","SEC14L5"
"101",NA,NA,NA,NA,NA,NA,NA,NA,NA,NA,NA,NA,NA,NA,NA,NA,NA,NA,NA,NA,NA,NA,NA,NA,NA,NA,NA,NA,NA,NA,NA,NA,NA,NA,NA,NA,NA,NA,NA,NA,NA,NA,NA,NA,NA,NA,NA,NA,NA,NA,NA,NA,NA,NA,NA,NA,NA,NA,NA,NA,NA,NA,NA,NA,NA,NA,"SEMA6C"
"102",NA,NA,NA,NA,NA,NA,NA,NA,NA,NA,NA,NA,NA,NA,NA,NA,NA,NA,NA,NA,NA,NA,NA,NA,NA,NA,NA,NA,NA,NA,NA,NA,NA,NA,NA,NA,NA,NA,NA,NA,NA,NA,NA,NA,NA,NA,NA,NA,NA,NA,NA,NA,NA,NA,NA,NA,NA,NA,NA,NA,NA,NA,NA,NA,NA,NA,"SERINC4"
"103",NA,NA,NA,NA,NA,NA,NA,NA,NA,NA,NA,NA,NA,NA,NA,NA,NA,NA,NA,NA,NA,NA,NA,NA,NA,NA,NA,NA,NA,NA,NA,NA,NA,NA,NA,NA,NA,NA,NA,NA,NA,NA,NA,NA,NA,NA,NA,NA,NA,NA,NA,NA,NA,NA,NA,NA,NA,NA,NA,NA,NA,NA,NA,NA,NA,NA,"SGCA"
"104",NA,NA,NA,NA,NA,NA,NA,NA,NA,NA,NA,NA,NA,NA,NA,NA,NA,NA,NA,NA,NA,NA,NA,NA,NA,NA,NA,NA,NA,NA,NA,NA,NA,NA,NA,NA,NA,NA,NA,NA,NA,NA,NA,NA,NA,NA,NA,NA,NA,NA,NA,NA,NA,NA,NA,NA,NA,NA,NA,NA,NA,NA,NA,NA,NA,NA,"SH2D1A"
"105",NA,NA,NA,NA,NA,NA,NA,NA,NA,NA,NA,NA,NA,NA,NA,NA,NA,NA,NA,NA,NA,NA,NA,NA,NA,NA,NA,NA,NA,NA,NA,NA,NA,NA,NA,NA,NA,NA,NA,NA,NA,NA,NA,NA,NA,NA,NA,NA,NA,NA,NA,NA,NA,NA,NA,NA,NA,NA,NA,NA,NA,NA,NA,NA,NA,NA,"SLC16A12"
"106",NA,NA,NA,NA,NA,NA,NA,NA,NA,NA,NA,NA,NA,NA,NA,NA,NA,NA,NA,NA,NA,NA,NA,NA,NA,NA,NA,NA,NA,NA,NA,NA,NA,NA,NA,NA,NA,NA,NA,NA,NA,NA,NA,NA,NA,NA,NA,NA,NA,NA,NA,NA,NA,NA,NA,NA,NA,NA,NA,NA,NA,NA,NA,NA,NA,NA,"SLC19A3"
"107",NA,NA,NA,NA,NA,NA,NA,NA,NA,NA,NA,NA,NA,NA,NA,NA,NA,NA,NA,NA,NA,NA,NA,NA,NA,NA,NA,NA,NA,NA,NA,NA,NA,NA,NA,NA,NA,NA,NA,NA,NA,NA,NA,NA,NA,NA,NA,NA,NA,NA,NA,NA,NA,NA,NA,NA,NA,NA,NA,NA,NA,NA,NA,NA,NA,NA,"SLC1A2"
"108",NA,NA,NA,NA,NA,NA,NA,NA,NA,NA,NA,NA,NA,NA,NA,NA,NA,NA,NA,NA,NA,NA,NA,NA,NA,NA,NA,NA,NA,NA,NA,NA,NA,NA,NA,NA,NA,NA,NA,NA,NA,NA,NA,NA,NA,NA,NA,NA,NA,NA,NA,NA,NA,NA,NA,NA,NA,NA,NA,NA,NA,NA,NA,NA,NA,NA,"SLC2A4"
"109",NA,NA,NA,NA,NA,NA,NA,NA,NA,NA,NA,NA,NA,NA,NA,NA,NA,NA,NA,NA,NA,NA,NA,NA,NA,NA,NA,NA,NA,NA,NA,NA,NA,NA,NA,NA,NA,NA,NA,NA,NA,NA,NA,NA,NA,NA,NA,NA,NA,NA,NA,NA,NA,NA,NA,NA,NA,NA,NA,NA,NA,NA,NA,NA,NA,NA,"SLC7A4"
"110",NA,NA,NA,NA,NA,NA,NA,NA,NA,NA,NA,NA,NA,NA,NA,NA,NA,NA,NA,NA,NA,NA,NA,NA,NA,NA,NA,NA,NA,NA,NA,NA,NA,NA,NA,NA,NA,NA,NA,NA,NA,NA,NA,NA,NA,NA,NA,NA,NA,NA,NA,NA,NA,NA,NA,NA,NA,NA,NA,NA,NA,NA,NA,NA,NA,NA,"SLC8A1"
"111",NA,NA,NA,NA,NA,NA,NA,NA,NA,NA,NA,NA,NA,NA,NA,NA,NA,NA,NA,NA,NA,NA,NA,NA,NA,NA,NA,NA,NA,NA,NA,NA,NA,NA,NA,NA,NA,NA,NA,NA,NA,NA,NA,NA,NA,NA,NA,NA,NA,NA,NA,NA,NA,NA,NA,NA,NA,NA,NA,NA,NA,NA,NA,NA,NA,NA,"SMOC1"
"112",NA,NA,NA,NA,NA,NA,NA,NA,NA,NA,NA,NA,NA,NA,NA,NA,NA,NA,NA,NA,NA,NA,NA,NA,NA,NA,NA,NA,NA,NA,NA,NA,NA,NA,NA,NA,NA,NA,NA,NA,NA,NA,NA,NA,NA,NA,NA,NA,NA,NA,NA,NA,NA,NA,NA,NA,NA,NA,NA,NA,NA,NA,NA,NA,NA,NA,"SPAG17"
"113",NA,NA,NA,NA,NA,NA,NA,NA,NA,NA,NA,NA,NA,NA,NA,NA,NA,NA,NA,NA,NA,NA,NA,NA,NA,NA,NA,NA,NA,NA,NA,NA,NA,NA,NA,NA,NA,NA,NA,NA,NA,NA,NA,NA,NA,NA,NA,NA,NA,NA,NA,NA,NA,NA,NA,NA,NA,NA,NA,NA,NA,NA,NA,NA,NA,NA,"SPRR2F"
"114",NA,NA,NA,NA,NA,NA,NA,NA,NA,NA,NA,NA,NA,NA,NA,NA,NA,NA,NA,NA,NA,NA,NA,NA,NA,NA,NA,NA,NA,NA,NA,NA,NA,NA,NA,NA,NA,NA,NA,NA,NA,NA,NA,NA,NA,NA,NA,NA,NA,NA,NA,NA,NA,NA,NA,NA,NA,NA,NA,NA,NA,NA,NA,NA,NA,NA,"STEAP4"
"115",NA,NA,NA,NA,NA,NA,NA,NA,NA,NA,NA,NA,NA,NA,NA,NA,NA,NA,NA,NA,NA,NA,NA,NA,NA,NA,NA,NA,NA,NA,NA,NA,NA,NA,NA,NA,NA,NA,NA,NA,NA,NA,NA,NA,NA,NA,NA,NA,NA,NA,NA,NA,NA,NA,NA,NA,NA,NA,NA,NA,NA,NA,NA,NA,NA,NA,"TCF7L1"
"116",NA,NA,NA,NA,NA,NA,NA,NA,NA,NA,NA,NA,NA,NA,NA,NA,NA,NA,NA,NA,NA,NA,NA,NA,NA,NA,NA,NA,NA,NA,NA,NA,NA,NA,NA,NA,NA,NA,NA,NA,NA,NA,NA,NA,NA,NA,NA,NA,NA,NA,NA,NA,NA,NA,NA,NA,NA,NA,NA,NA,NA,NA,NA,NA,NA,NA,"TEF"
"117",NA,NA,NA,NA,NA,NA,NA,NA,NA,NA,NA,NA,NA,NA,NA,NA,NA,NA,NA,NA,NA,NA,NA,NA,NA,NA,NA,NA,NA,NA,NA,NA,NA,NA,NA,NA,NA,NA,NA,NA,NA,NA,NA,NA,NA,NA,NA,NA,NA,NA,NA,NA,NA,NA,NA,NA,NA,NA,NA,NA,NA,NA,NA,NA,NA,NA,"TNMD"
"118",NA,NA,NA,NA,NA,NA,NA,NA,NA,NA,NA,NA,NA,NA,NA,NA,NA,NA,NA,NA,NA,NA,NA,NA,NA,NA,NA,NA,NA,NA,NA,NA,NA,NA,NA,NA,NA,NA,NA,NA,NA,NA,NA,NA,NA,NA,NA,NA,NA,NA,NA,NA,NA,NA,NA,NA,NA,NA,NA,NA,NA,NA,NA,NA,NA,NA,"TNNT3"
"119",NA,NA,NA,NA,NA,NA,NA,NA,NA,NA,NA,NA,NA,NA,NA,NA,NA,NA,NA,NA,NA,NA,NA,NA,NA,NA,NA,NA,NA,NA,NA,NA,NA,NA,NA,NA,NA,NA,NA,NA,NA,NA,NA,NA,NA,NA,NA,NA,NA,NA,NA,NA,NA,NA,NA,NA,NA,NA,NA,NA,NA,NA,NA,NA,NA,NA,"TNXB"
"120",NA,NA,NA,NA,NA,NA,NA,NA,NA,NA,NA,NA,NA,NA,NA,NA,NA,NA,NA,NA,NA,NA,NA,NA,NA,NA,NA,NA,NA,NA,NA,NA,NA,NA,NA,NA,NA,NA,NA,NA,NA,NA,NA,NA,NA,NA,NA,NA,NA,NA,NA,NA,NA,NA,NA,NA,NA,NA,NA,NA,NA,NA,NA,NA,NA,NA,"TPSAB1"
"121",NA,NA,NA,NA,NA,NA,NA,NA,NA,NA,NA,NA,NA,NA,NA,NA,NA,NA,NA,NA,NA,NA,NA,NA,NA,NA,NA,NA,NA,NA,NA,NA,NA,NA,NA,NA,NA,NA,NA,NA,NA,NA,NA,NA,NA,NA,NA,NA,NA,NA,NA,NA,NA,NA,NA,NA,NA,NA,NA,NA,NA,NA,NA,NA,NA,NA,"TPSB2"
"122",NA,NA,NA,NA,NA,NA,NA,NA,NA,NA,NA,NA,NA,NA,NA,NA,NA,NA,NA,NA,NA,NA,NA,NA,NA,NA,NA,NA,NA,NA,NA,NA,NA,NA,NA,NA,NA,NA,NA,NA,NA,NA,NA,NA,NA,NA,NA,NA,NA,NA,NA,NA,NA,NA,NA,NA,NA,NA,NA,NA,NA,NA,NA,NA,NA,NA,"TRHDE"
"123",NA,NA,NA,NA,NA,NA,NA,NA,NA,NA,NA,NA,NA,NA,NA,NA,NA,NA,NA,NA,NA,NA,NA,NA,NA,NA,NA,NA,NA,NA,NA,NA,NA,NA,NA,NA,NA,NA,NA,NA,NA,NA,NA,NA,NA,NA,NA,NA,NA,NA,NA,NA,NA,NA,NA,NA,NA,NA,NA,NA,NA,NA,NA,NA,NA,NA,"VIPR1"
"124",NA,NA,NA,NA,NA,NA,NA,NA,NA,NA,NA,NA,NA,NA,NA,NA,NA,NA,NA,NA,NA,NA,NA,NA,NA,NA,NA,NA,NA,NA,NA,NA,NA,NA,NA,NA,NA,NA,NA,NA,NA,NA,NA,NA,NA,NA,NA,NA,NA,NA,NA,NA,NA,NA,NA,NA,NA,NA,NA,NA,NA,NA,NA,NA,NA,NA,"VIT"
"125",NA,NA,NA,NA,NA,NA,NA,NA,NA,NA,NA,NA,NA,NA,NA,NA,NA,NA,NA,NA,NA,NA,NA,NA,NA,NA,NA,NA,NA,NA,NA,NA,NA,NA,NA,NA,NA,NA,NA,NA,NA,NA,NA,NA,NA,NA,NA,NA,NA,NA,NA,NA,NA,NA,NA,NA,NA,NA,NA,NA,NA,NA,NA,NA,NA,NA,"VSIG10L"
"126",NA,NA,NA,NA,NA,NA,NA,NA,NA,NA,NA,NA,NA,NA,NA,NA,NA,NA,NA,NA,NA,NA,NA,NA,NA,NA,NA,NA,NA,NA,NA,NA,NA,NA,NA,NA,NA,NA,NA,NA,NA,NA,NA,NA,NA,NA,NA,NA,NA,NA,NA,NA,NA,NA,NA,NA,NA,NA,NA,NA,NA,NA,NA,NA,NA,NA,"VWF"
"127",NA,NA,NA,NA,NA,NA,NA,NA,NA,NA,NA,NA,NA,NA,NA,NA,NA,NA,NA,NA,NA,NA,NA,NA,NA,NA,NA,NA,NA,NA,NA,NA,NA,NA,NA,NA,NA,NA,NA,NA,NA,NA,NA,NA,NA,NA,NA,NA,NA,NA,NA,NA,NA,NA,NA,NA,NA,NA,NA,NA,NA,NA,NA,NA,NA,NA,"WDR17"
"128",NA,NA,NA,NA,NA,NA,NA,NA,NA,NA,NA,NA,NA,NA,NA,NA,NA,NA,NA,NA,NA,NA,NA,NA,NA,NA,NA,NA,NA,NA,NA,NA,NA,NA,NA,NA,NA,NA,NA,NA,NA,NA,NA,NA,NA,NA,NA,NA,NA,NA,NA,NA,NA,NA,NA,NA,NA,NA,NA,NA,NA,NA,NA,NA,NA,NA,"WNT11"
"129",NA,NA,NA,NA,NA,NA,NA,NA,NA,NA,NA,NA,NA,NA,NA,NA,NA,NA,NA,NA,NA,NA,NA,NA,NA,NA,NA,NA,NA,NA,NA,NA,NA,NA,NA,NA,NA,NA,NA,NA,NA,NA,NA,NA,NA,NA,NA,NA,NA,NA,NA,NA,NA,NA,NA,NA,NA,NA,NA,NA,NA,NA,NA,NA,NA,NA,"ZDHHC11"
"130",NA,NA,NA,NA,NA,NA,NA,NA,NA,NA,NA,NA,NA,NA,NA,NA,NA,NA,NA,NA,NA,NA,NA,NA,NA,NA,NA,NA,NA,NA,NA,NA,NA,NA,NA,NA,NA,NA,NA,NA,NA,NA,NA,NA,NA,NA,NA,NA,NA,NA,NA,NA,NA,NA,NA,NA,NA,NA,NA,NA,NA,NA,NA,NA,NA,NA,"ZNF304"
"131",NA,NA,NA,NA,NA,NA,NA,NA,NA,NA,NA,NA,NA,NA,NA,NA,NA,NA,NA,NA,NA,NA,NA,NA,NA,NA,NA,NA,NA,NA,NA,NA,NA,NA,NA,NA,NA,NA,NA,NA,NA,NA,NA,NA,NA,NA,NA,NA,NA,NA,NA,NA,NA,NA,NA,NA,NA,NA,NA,NA,NA,NA,NA,NA,NA,NA,"ZNF839"
